[{
  "_id": {
    "$oid": "6448d2f0577f215b3f4de9a3"
  },
  "nickname": "admin",
  "profile_img_url": "https://ipfs.io/ipfs/QmW4vfUA5U8V9Vpr7Nt8NLerpe9rkzq5fJdpk9mqp8fAdx",
  "email": "ssafy.jaewook@gmail.com",
  "roles": [
    "ROLE_USER",
    "ROLE_ADMIN"
  ],
  "_class": "com.poom.backend.db.entity.Member"
},{
  "_id": {
    "$oid": "6448d3f63b5986731525d6bc"
  },
  "nickname": "John",
  "profile_img_url": "https://ipfs.io/ipfs/QmU7RHoJHdeRFhJPwz1zxFodzibyedV1RCuDdAvNuw2cTk",
  "email": "john@test.com",
  "roles": [
    "ROLE_USER"
  ],
  "_class": "com.poom.backend.db.entity.Member"
},{
  "_id": {
    "$oid": "6448d41de4e70066f0b4dd19"
  },
  "nickname": "John2",
  "profile_img_url": "https://ipfs.io/ipfs/QmU7RHoJHdeRFhJPwz1zxFodzibyedV1RCuDdAvNuw2cTk",
  "email": "john@test.com",
  "roles": [
    "ROLE_USER"
  ],
  "_class": "com.poom.backend.db.entity.Member"
},{
  "_id": {
    "$oid": "644f55055989655e694476b1"
  },
  "nickname": "John2",
  "profile_img_url": "https://ipfs.io/ipfs/QmU7RHoJHdeRFhJPwz1zxFodzibyedV1RCuDdAvNuw2cTk",
  "email": "john3@test.com",
  "roles": [
    "ROLE_USER",
    "ROLE_SHELTER"
  ],
  "isWithdrawal": false,
  "_class": "com.poom.backend.db.entity.Member"
},{
  "_id": {
    "$oid": "64534df3d0751f080a0ab611"
  },
  "nickname": "taebong 0",
  "profile_img_url": "https://ipfs.io/ipfs/QmRbFKaarTaZQ2ReRoEEQSHBe6qdh3R6X9bA3pdweTSWTd",
  "email": "aa@a.com",
  "roles": [
    "ROLE_USER"
  ],
  "isWithdrawal": false,
  "_class": "com.poom.backend.db.entity.Member"
},{
  "_id": {
    "$oid": "6458468782f977110415a93b"
  },
  "nickname": "섹시태봉",
  "profile_img_url": "https://ipfs.io/ipfs/QmZpzAYpyeBH6CPKz5ktyMp92HnDszjUDFifkoWn5HAE2U",
  "email": "saturdaynight@kakao.com",
  "roles": [
    "ROLE_USER",
    "ROLE_SHELTER"
  ],
  "isWithdrawal": false,
  "_class": "com.poom.backend.db.entity.Member"
},{
  "_id": {
    "$oid": "64584cc982f977110415a93c"
  },
  "nickname": "현주",
  "profile_img_url": "https://ipfs.io/ipfs/QmWL8Jomr4ruxYpqmwaAcLHFbJXgxzqMgBCCjmFELPcxTR",
  "email": "shyunju0427@gmail.com",
  "roles": [
    "ROLE_USER",
    "ROLE_SHELTER"
  ],
  "isWithdrawal": false,
  "_class": "com.poom.backend.db.entity.Member"
},{
  "_id": {
    "$oid": "645a35c100081d620b85e26c"
  },
  "nickname": "John2",
  "profile_img_url": "https://ipfs.io/ipfs/QmU7RHoJHdeRFhJPwz1zxFodzibyedV1RCuDdAvNuw2cTk",
  "email": "john3@test.com",
  "roles": [
    "ROLE_USER"
  ],
  "isWithdrawal": false,
  "_class": "com.poom.backend.db.entity.Member"
},{
  "_id": {
    "$oid": "645a35c100081d620b85e26d"
  },
  "nickname": "John2",
  "profile_img_url": "https://ipfs.io/ipfs/QmU7RHoJHdeRFhJPwz1zxFodzibyedV1RCuDdAvNuw2cTk",
  "email": "john@test.com",
  "roles": [
    "ROLE_USER"
  ],
  "isWithdrawal": false,
  "_class": "com.poom.backend.db.entity.Member"
},{
  "_id": {
    "$oid": "645d8f45e5b63111f3d93ad2"
  },
  "nickname": "test",
  "profile_img_url": "https://ipfs.io/ipfs/QmU7RHoJHdeRFhJPwz1zxFodzibyedV1RCuDdAvNuw2cTk",
  "email": "john@test.com",
  "roles": [
    "ROLE_USER",
    "ROLE_SHELTER"
  ],
  "_class": "com.poom.backend.db.entity.Member"
},{
  "_id": {
    "$oid": "645def245f8eb365953bc0f9"
  },
  "nickname": "소원",
  "profile_img_url": "http://k.kakaocdn.net/dn/dpk9l1/btqmGhA2lKL/Oz0wDuJn1YV2DIn92f6DVK/img_640x640.jpg",
  "email": "sowondoo@naver.com",
  "roles": [
    "ROLE_USER"
  ],
  "isWithdrawal": false,
  "_class": "com.poom.backend.db.entity.Member"
},{
  "_id": {
    "$oid": "645df1119895770045c3b9d4"
  },
  "nickname": "John2",
  "profile_img_url": "https://ipfs.io/ipfs/QmU7RHoJHdeRFhJPwz1zxFodzibyedV1RCuDdAvNuw2cTk",
  "email": "john3@test.com",
  "roles": [
    "ROLE_USER"
  ],
  "isWithdrawal": false,
  "_class": "com.poom.backend.db.entity.Member"
},{
  "_id": {
    "$oid": "645df1119895770045c3b9d5"
  },
  "nickname": "John2",
  "profile_img_url": "https://ipfs.io/ipfs/QmU7RHoJHdeRFhJPwz1zxFodzibyedV1RCuDdAvNuw2cTk",
  "email": "john@test.com",
  "roles": [
    "ROLE_USER"
  ],
  "isWithdrawal": false,
  "_class": "com.poom.backend.db.entity.Member"
},{
  "_id": {
    "$oid": "645df20847fd0b564d32fdc5"
  },
  "nickname": "John2",
  "profile_img_url": "https://example.com/profile.png",
  "email": "john3@test.com",
  "roles": [
    "ROLE_USER"
  ],
  "isWithdrawal": false,
  "_class": "com.poom.backend.db.entity.Member"
},{
  "_id": {
    "$oid": "645df20847fd0b564d32fdc6"
  },
  "nickname": "John2",
  "profile_img_url": "https://example.com/profile.png",
  "email": "john@test.com",
  "roles": [
    "ROLE_USER"
  ],
  "isWithdrawal": false,
  "_class": "com.poom.backend.db.entity.Member"
}]