[{
  "_id": {
    "$oid": "645d8e887cbf190a63026eec"
  },
  "adminId": "6458468782f977110415a93b",
  "shelterName": "태봉이와 댕댕이들 보호소",
  "shelterAddress": "서울 강남구 테헤란로 212 1701호 문앞",
  "shelterPhoneNumber": "010-3333-3333",
  "status": "AUTH",
  "certificateImages": [
    "https://ipfs.io/ipfs/QmW4vfUA5U8V9Vpr7Nt8NLerpe9rkzq5fJdpk9mqp8fAdx"
  ],
  "_class": "com.poom.backend.db.entity.Shelter"
},{
  "_id": {
    "$oid": "645de6f7b3963e2fa8ab880f"
  },
  "adminId": "64584cc982f977110415a93c",
  "shelterName": "댕댕보호소",
  "shelterAddress": "서울 강남구 테헤란로 212",
  "shelterPhoneNumber": "02-1234-1234",
  "status": "AUTH",
  "certificateImages": [
    "https://ipfs.io/ipfs/QmPXwjLqHvH3AJYgHUAibm3ZYQdb1Nquv7Ddtef9kjbC7Y"
  ],
  "_class": "com.poom.backend.db.entity.Shelter"
}]